Date,Num1,Num2,Num3,Num4,Num5,Num6,Num7
2025-11-08,6,8,20,24,28,32,34
2025-11-08,7,20,25,26,30,31,32
2025-11-08,1,2,3,4,7,12,21
2025-11-08,4,8,12,13,14,19,28
2025-11-08,2,4,12,15,21,24,25
2025-11-08,2,7,9,26,30,32,34
2025-11-08,1,5,8,19,20,23,32
2025-11-08,2,7,12,13,15,19,25
2025-11-08,2,7,10,14,20,28,33
2025-11-08,2,3,9,12,17,21,23
2025-11-15,2,3,8,10,22,25,28
2025-11-15,5,10,14,26,29,31,33
2025-11-15,13,14,16,21,22,28,32
2025-11-15,2,4,10,13,14,16,30
2025-11-15,1,8,12,16,18,27,31
2025-11-15,6,12,13,15,23,24,27
2025-11-15,3,4,5,6,13,25,27
2025-11-15,6,12,16,20,26,30,33
2025-11-15,11,13,14,18,27,30,34
2025-11-15,2,9,11,14,18,24,31
2025-11-22,1,14,15,20,24,26,30
2025-11-22,5,13,17,20,26,27,32
2025-11-22,1,3,4,5,9,13,31
2025-11-22,1,6,11,14,17,18,29
2025-11-22,1,4,5,15,19,31,34
2025-11-22,3,4,5,6,13,26,27
2025-11-22,2,3,6,20,28,29,33
2025-11-22,10,13,16,18,21,24,33
2025-11-22,11,15,19,21,25,30,31
2025-11-22,3,6,7,10,11,14,24
